image,people_count,density
scene00489_png.rf.a0138fa07c5eabf45296dc17fe7d7476.jpg,1,Low
scene00023_png.rf.712b78148e1bbc9a01827983c7cc6eab.jpg,3,Low
scene00297_png.rf.8d3c4676d1379226bdaba45ce1195643.jpg,7,Low
scene00097_png.rf.5de4c07d6fcbcffbbd4721e8b95a52ba.jpg,3,Low
scene00399_png.rf.87e411cc87fa6e9efbe99688d1a103fb.jpg,2,Low
scene00379_png.rf.734999672d64360de2b9a060994037b5.jpg,1,Low
scene00149_png.rf.a18339263c939a8003d8b69bdea01f98.jpg,7,Low
scene00067_png.rf.3493adee8018d88746d2518e469ef373.jpg,2,Low
scene01251_png.rf.4011d4f09b9c774dad0d85b9f70beb88.jpg,1,Low
scene00373_png.rf.bcfab6dd9c161f2546a3d6d1b9cb6f7f.jpg,0,Low
scene01171_png.rf.a1162f60c940dbe80aa17e41b1ac25cb.jpg,0,Low
scene00051_png.rf.b0ec040508d476686e123c2f0734413e.jpg,10,Low
scene01711_png.rf.9e403dc348ebe5ee044e7afca061f8eb.jpg,2,Low
scene01271_png.rf.0ba638916a8434cfe7ebbd01f375b0f1.jpg,2,Low
scene00951_png.rf.ab8232ba96d2163244ce361d60acb154.jpg,4,Low
scene00981_png.rf.28dc49fb77e4d7578377f990d3f5c42f.jpg,2,Low
scene00731_png.rf.a6a4a05cc665e8819652fd531eea8fb5.jpg,6,Low
scene00177_png.rf.cddb8d73c760c63cd2e0e09948ceef02.jpg,7,Low
scene00073_png.rf.55fc2549ef98d17b9b4100386360aaf4.jpg,3,Low
scene00003_png.rf.89df3d870f86e91a3d27f48c500ce270.jpg,5,Low
scene00497_png.rf.b0946185600b2a88b99114902c318cb5.jpg,0,Low
scene00681_png.rf.7e2a91f8e63ee914b16a42e8dd93c975.jpg,4,Low
scene00059_png.rf.b4f4f40edd0d9aa44a48b9c709f754c4.jpg,8,Low
scene01651_png.rf.6ef68d7ac25a064113afe35c3fef8160.jpg,2,Low
scene00237_png.rf.a7eaa9a50acc9164018304f3feff8710.jpg,5,Low
scene00841_png.rf.b111791d1887504ce04e648886f60875.jpg,3,Low
scene00647_png.rf.e4a152575e216c136cb31726ab00e82a.jpg,0,Low
scene00529_png.rf.064133f7b08f96b2708627b7dbfebcd7.jpg,1,Low
scene00367_png.rf.0dc377c8636074fd3a65eba4599a1c4a.jpg,0,Low
scene00445_png.rf.0137664e9aff7d434f9c7240ffe78e7b.jpg,1,Low
scene01601_png.rf.8d0456f56ed4541d0378eab3feffa180.jpg,2,Low
scene00007_png.rf.8db19fb966ac2c88ef66222ef6127568.jpg,4,Low
scene00643_png.rf.209d83532b0e179b669ceb864d236014.jpg,0,Low
scene00521_png.rf.e6a5f83e02e81b7459a94b3cf3b7facb.jpg,1,Low
scene00121_png.rf.aad9331f4919fb8c672137ff8c8db572.jpg,8,Low
scene00287_png.rf.69c438a04107c8f663a935dae1a07074.jpg,3,Low
scene00433_png.rf.9902f12d2e1bff63592c5137358f37e8.jpg,1,Low
scene00239_png.rf.2e19c76f6f773227801fa1582ae35abb.jpg,3,Low
scene01681_png.rf.9b9909021701e93dbc4cccfb14d0f34a.jpg,2,Low
scene00333_png.rf.605c59592bb131d67566677fccd17816.jpg,1,Low
scene00621_png.rf.611e16c38bd1563ecedb99ec184b0085.jpg,0,Low
scene00461_png.rf.d3d6eccde37aa475e50e3f2cc93b3005.jpg,1,Low
scene00511_png.rf.12cf0ed9636ab4223251b9e6dcd2b3f7.jpg,1,Low
scene00245_png.rf.9a69f1e4fbdbeb28da9d4ee8cb4b8b1d.jpg,2,Low
scene01201_png.rf.7ff02b1ce24bcd019c8d04cfa1601d4a.jpg,0,Low
scene00355_png.rf.33547dc63a441241302f170186209537.jpg,0,Low
scene00093_png.rf.8adc20ffdea63e9d4c2e3e8ee8905e24.jpg,3,Low
scene00089_png.rf.4de4f6a31d381d84096e10dd67196966.jpg,3,Low
scene00653_png.rf.4b6bccad84e3b4189ca6339bb95493bf.jpg,0,Low
scene00139_png.rf.aca2aac22f137b663dc71b4f19842447.jpg,10,Low
scene00147_png.rf.14b82ac90f35c78ab844fdbe67ef3a12.jpg,8,Low
scene01441_png.rf.9a6788c95e41160212d34eb638430e55.jpg,1,Low
scene00085_png.rf.eec17aff14f6da45430fcc32df993b13.jpg,3,Low
scene00169_png.rf.4d70abf817cffcca0e5a28c41d874ad7.jpg,7,Low
scene01031_png.rf.c307fbc0f1bd276c70af053877156ca7.jpg,2,Low
scene00145_png.rf.123e2d643464498f01f1a7120963a43e.jpg,6,Low
scene00117_png.rf.89a0fb69820fb8ec14f4d516b6624757.jpg,7,Low
scene00457_png.rf.825308086b74cd50f4101f8414294766.jpg,1,Low
scene00611_png.rf.74d2194854048177591d364ff652e3f0.jpg,0,Low
scene00277_png.rf.957b5102591cb16d650e4e5d967273b8.jpg,1,Low
scene00205_png.rf.17846ec2e46b592805ac66975801c1d4.jpg,4,Low
scene01081_png.rf.319a68aa441b1e21db48b20a512024ad.jpg,2,Low
scene00563_png.rf.e1404cb2702014ed0b81fbf1082ff320.jpg,0,Low
scene01071_png.rf.0965e915c97de298189776b2f4f8dc11.jpg,1,Low
scene01301_png.rf.6115bac7aeb7034afa2d69ad13230fa1.jpg,1,Low
scene00247_png.rf.14f00e11c9c15ad02536062954b33cda.jpg,3,Low
scene00487_png.rf.dd6444c7798ac020bd1f217a148af9a0.jpg,1,Low
scene00227_png.rf.3e118c20f2f560d8a2737d8feabe12f1.jpg,4,Low
scene00015_png.rf.d3512e0e0910d2de899bec038a14063f.jpg,4,Low
scene00447_png.rf.f5336226457911dcdd4db82f61ad4d4a.jpg,1,Low
scene01411_png.rf.8ce414454e5b71226c2239774e3debeb.jpg,1,Low
scene00163_png.rf.bf95e6a6c4d183fd7651f5acce244491.jpg,8,Low
scene00941_png.rf.6e498e6abbdef584ddee60d3a5ff2ed3.jpg,4,Low
scene00103_png.rf.12ca85161421838c5fd679511e4cff54.jpg,8,Low
scene00317_png.rf.5ec398b9d49f7e857530414da3b8502c.jpg,4,Low
IMG20250418191217_jpg.rf.6d2d0c2c9f3145813919acd60e67f930.jpg,1,Low
scene00183_png.rf.e6c58ac3974affcc2777a4e43edd8757.jpg,8,Low
scene00137_png.rf.a7267aac42bf9870fc773c0735ee0425.jpg,7,Low
scene00087_png.rf.1956d77c0bff2aec5ff96f58f490469d.jpg,3,Low
scene01731_png.rf.58a0be5714cc3a95a132e9105b98ca7d.jpg,2,Low
scene00561_png.rf.e7bf1fb53f453ad6c20263833b7583c4.jpg,0,Low
scene00021_png.rf.f4c3f7802f79203713e35ae80fea42e5.jpg,3,Low
scene00671_png.rf.80465aca53a2be9967603cabf5ecdd7d.jpg,5,Low
scene00159_png.rf.516000a62add20a06d01fa0d93fea862.jpg,4,Low
scene00639_png.rf.c6ba624e48fb54c48e1c03d6f120e568.jpg,1,Low
scene00407_png.rf.4afda2e52dcba7443fd6191544b86cf4.jpg,0,Low
scene00409_png.rf.d63b386050e9a902ea9223bac000d61e.jpg,1,Low
scene00589_png.rf.453f167e3649e155447ddaeac4266006.jpg,0,Low
scene01241_png.rf.a0f92d2d209bd03fabc4d008aa82352c.jpg,0,Low
scene01041_png.rf.34faf5a28f3c4e3c31e66626759d0cde.jpg,2,Low
scene00233_png.rf.7c331c5ed99b1781cc7bf140e523b4ae.jpg,3,Low
scene01151_png.rf.03bd806eacd4bf1aa1b897bfc10bc3e8.jpg,0,Low
scene00299_png.rf.db1be957cc41dbb8861293dea48dc545.jpg,2,Low
scene00661_png.rf.f4d96af2d8f57c9eba8b747f79cfb8ec.jpg,0,Low
scene00173_png.rf.d8acc05021737a49079ff0e81c6924e3.jpg,8,Low
scene00547_png.rf.41f8cb747ab9984d263d07f0b72a73e6.jpg,1,Low
scene00243_png.rf.5405253a6e60cf7c27b5c37be0be3cf4.jpg,3,Low
scene00267_png.rf.ec257d395c615fc77cbaaf56362e5e71.jpg,2,Low
scene01141_png.rf.fcbc0790ee427e3681cd0226e9d225b5.jpg,0,Low
scene00001_png.rf.642b426cfec734b64b1971b03963fc88.jpg,4,Low
scene00501_png.rf.220072579a924eb489b2687214d4ca72.jpg,1,Low
scene00049_png.rf.a8dbfe3398ba0e3e1725223457996b36.jpg,12,Medium
scene00545_png.rf.8cd21eb6d62c94780fc4ce3486ddde3a.jpg,1,Low
scene00303_png.rf.d75a46d538e5cbde575ffe69771ac662.jpg,3,Low
scene00385_png.rf.e7108e1c05fede965079bcff8b9f953c.jpg,1,Low
scene00031_png.rf.4daab31fec5df74d54bcdf735e897b04.jpg,3,Low
scene00047_png.rf.f522b36d3c556189d34f9478fadb89fa.jpg,11,Medium
scene00113_png.rf.23e9f7470bb52d9064b37cbebea9c734.jpg,9,Low
scene00641_png.rf.c26735f25d0a840572fbdda808c0867e.jpg,0,Low
scene01571_png.rf.f5402958454adaf3b206b190a8601628.jpg,2,Low
scene00415_png.rf.7329833da2b64d170e76581326edb002.jpg,1,Low
scene00595_png.rf.d4190aa91d736ec68c3ca0a5051b01ac.jpg,2,Low
scene00017_png.rf.7a9c6931afc93bfabe1a96a6a86b6e5b.jpg,5,Low
scene00397_png.rf.f264a3f952fea388776899f71de053f9.jpg,2,Low
scene00217_png.rf.70faa733585d7c41b6d69ce7c11f3b4e.jpg,4,Low
scene01741_png.rf.e9265e38399927f1b49ea9d21da4a30a.jpg,2,Low
scene00991_png.rf.6cd73f1ef68bb32500c808ae749c9f8e.jpg,2,Low
scene00083_png.rf.a3e321af944526ad50062a8ff7d5be4a.jpg,3,Low
scene01111_png.rf.8cd76caf843021850e6692f3bacfd1b2.jpg,0,Low
scene00107_png.rf.938e60f079999ca00cf0e70b8ff4bb3c.jpg,9,Low
scene00613_png.rf.cc108f773dcae073c878544024ebc2d3.jpg,1,Low
scene00203_png.rf.aa5f5a8f460223566f13bbd5342528c3.jpg,2,Low
scene00417_png.rf.9fe41dd958b6af8a55ab131aa1d30d6e.jpg,1,Low
scene00585_png.rf.7d75c7dbcdd9fe8b816941f03f3a75e3.jpg,0,Low
scene00315_png.rf.8001ef8610a3258ecf54732b70fdc9c0.jpg,4,Low
scene00119_png.rf.006d80d25225ca87bf1658073cdd1a06.jpg,4,Low
scene00629_png.rf.3282e4f39591df6c43e8a90531e44924.jpg,0,Low
scene00593_png.rf.9a5f74a71be572d3b42fff607a3510ea.jpg,1,Low
scene01611_png.rf.b8fc88c1965d2bdcea716c508682688b.jpg,2,Low
scene00413_png.rf.a0f692bcba30dbd06b3dc99867cf3557.jpg,1,Low
scene00443_png.rf.f5afb6413c5052f54dea1580d53c7ccd.jpg,1,Low
scene00341_png.rf.a6216963e1bd439d769b7db4ca143c68.jpg,0,Low
scene00503_png.rf.7640e0ba3cee48fb614caca4f1b347a7.jpg,1,Low
scene00891_png.rf.5b72b278654a2892713056c567ba3e53.jpg,3,Low
scene01521_png.rf.ba71d8de6a3fc4390fa847560bb63b43.jpg,2,Low
scene00223_png.rf.ff652341a8002f10baea6d26002a56fd.jpg,4,Low
scene00599_png.rf.722bc51ba97bf17b2c8a32c6f198efd2.jpg,0,Low
scene00627_png.rf.0ecceaa59c05d6fc35337c06e07d4228.jpg,1,Low
scene00517_png.rf.4aed215dcae71f533824c83adcde1db9.jpg,0,Low
scene00633_png.rf.a19094ebc849df96e8fc19284729a1f9.jpg,1,Low
scene00125_png.rf.8c080563674196968cbe41aa51001d66.jpg,6,Low
scene00481_png.rf.d715d81578a7a4cf0ee7f6b3e7327491.jpg,2,Low
scene00569_png.rf.b1ef808a28045c94d3ef67778dbca4bd.jpg,2,Low
scene01051_png.rf.5cf4d5c12bc31a1b0470f856a7428de9.jpg,3,Low
scene01231_png.rf.5cc074c7a6e820d39c5aa80c5cb2b61b.jpg,2,Low
scene00831_png.rf.ce6e7c7951265c348af67a366cbbb11a.jpg,4,Low
scene00189_png.rf.000fdba71fb1be6a998aafc49f5f4e2d.jpg,6,Low
scene00327_png.rf.ec0189f191a7423804f33b6e6a7d8269.jpg,2,Low
scene00455_png.rf.28273ea0f2d2e09bedd842b807dd4202.jpg,2,Low
scene00389_png.rf.82b15745e148690b71da776a045b291e.jpg,1,Low
scene00741_png.rf.868eb76f34bd127418dad38819bcff6d.jpg,6,Low
scene00095_png.rf.ddb0683fc3ae45f8c957e7918bd50834.jpg,3,Low
scene00811_png.rf.f937b0fe17df894b80dcbba9b7268396.jpg,4,Low
scene01131_png.rf.c230f57dc9636efa197548171682270f.jpg,0,Low
scene00057_png.rf.ee99265c6b22787c6cf85b070c3ae319.jpg,10,Low
scene00025_png.rf.0861616afa137325d12520a9c8495ede.jpg,3,Low
scene00861_png.rf.436096b70ebe8e651a77040fe5213b28.jpg,3,Low
scene00961_png.rf.3d5af5a45bbab3c7710690f0396d93aa.jpg,3,Low
scene01421_png.rf.7b04a8dbe62702e6e12d49f76ce4f1d5.jpg,1,Low
scene00231_png.rf.b9c6827cf5a7c0144eb7efd23fececd5.jpg,3,Low
scene00411_png.rf.3714c46925dcd7228ec1340f0c581e13.jpg,0,Low
scene00061_png.rf.372fded7a26ab88a47b0dc6aae4cf4dc.jpg,8,Low
scene00365_png.rf.2fa6fc7edca6c7253eb9abcad16f76cb.jpg,0,Low
scene01471_png.rf.5768b831559fa2c0b4525914562ee28b.jpg,2,Low
scene00207_png.rf.a47371fa6ff3226cd07d327ac81124db.jpg,5,Low
scene00219_png.rf.280b62b21c5392848e4499a9b2e749c2.jpg,3,Low
IMG20250418191214_jpg.rf.00cbdf199c0baaa12796b6a1f8107def.jpg,0,Low
scene00167_png.rf.d73c492b3063f1096a6bc76c5297a0d9.jpg,9,Low
scene01491_png.rf.08031c53bcbd8ef3b706d64350fe9ff0.jpg,2,Low
scene00187_png.rf.0c88ac447f032e5c1aefdb8a7bf5b3f8.jpg,5,Low
scene01641_png.rf.95ad1584c5978da78c54cda96cbf244d.jpg,2,Low
scene00221_png.rf.928d0ababe4a3a12b88a46957612682a.jpg,3,Low
scene00263_png.rf.a687600a41c8df46703ff956485bd0c4.jpg,2,Low
scene00273_png.rf.4d0d86044b5b81d1c2b7d557fd76cc5a.jpg,3,Low
scene01551_png.rf.504acd02876c30946d49077b08f8a14a.jpg,2,Low
scene00309_png.rf.412ee0d9bb503e8ef5ee57cee559e500.jpg,4,Low
scene00419_png.rf.b1c20185d87c47bc5a49428ef68bf790.jpg,1,Low
scene00495_png.rf.ce651d71620672f9db818b1ce53c9b79.jpg,1,Low
scene00429_png.rf.d3a85dbf2a7d00508e919ff80f592877.jpg,1,Low
scene01581_png.rf.b959e7a6b3c02521be40f75ebcaac6fa.jpg,2,Low
scene00377_png.rf.40f5a9aa782769b1b1c94e7aa2586094.jpg,1,Low
scene00197_png.rf.54257befe6c8d641fbad34253b950285.jpg,2,Low
scene00659_png.rf.ee95fc261ea07343aa0f8315733077cb.jpg,1,Low
scene01561_png.rf.b13f8b13d9304f45a9fca1e106140090.jpg,2,Low
scene00579_png.rf.c25f48be9ea4d6652cf4bcca86297671.jpg,0,Low
scene00011_png.rf.99e6e7a9670e53db0245790ecc6a0037.jpg,4,Low
scene00395_png.rf.e2097e3bc9d2936fc8eb111cdaccc5fe.jpg,2,Low
scene00371_png.rf.308518a3c6dbfdefe1ef1b9de44c8151.jpg,1,Low
scene00469_png.rf.6c5d917a7739478a2885eb2534837a96.jpg,1,Low
scene00567_png.rf.add01accd7ea88f48a719b3703983b85.jpg,1,Low
scene00179_png.rf.c055877ac3b9af6f711128e4c90599a7.jpg,9,Low
scene00281_png.rf.d07827d5007c2b6ba6bdd0c11331e851.jpg,2,Low
scene00131_png.rf.4843925727f816e6b85bbe56a4f2b9f0.jpg,6,Low
scene00549_png.rf.b9073db1a142ed8d6d01194ffc520943.jpg,1,Low
scene01291_png.rf.9d3867fbc5ca8fc82cf1c0a5367777fe.jpg,1,Low
scene00347_png.rf.40f96d151f4fd2244e062beb4c281ded.jpg,1,Low
scene01591_png.rf.3a64fe40754c3364097aa77aefe9d9a1.jpg,2,Low
scene00357_png.rf.b7a02e715b11a05313bda67e22afcd69.jpg,0,Low
scene00425_png.rf.63c61243f2fe0ae27132f0c06a3fb125.jpg,1,Low
scene00091_png.rf.b0350f325a622bc24a77b3437e2b4bac.jpg,3,Low
scene00271_png.rf.6898cb0ab0abbd15c05a74435fe2e501.jpg,2,Low
scene00345_png.rf.ac6127ace63c24972ebe740e7f2f06a2.jpg,1,Low
scene00543_png.rf.478905d24c9905e3b4a9aab14d7ff625.jpg,2,Low
scene00229_png.rf.47d411d4bd0827cb46736e43fd8c628e.jpg,3,Low
scene01191_png.rf.4fba4fccf60abfc27fd36c2788036c1e.jpg,0,Low
scene00615_png.rf.6f812c710033389af9dae5930f7c17ee.jpg,0,Low
scene01281_png.rf.3e08f04c9a6c50482cd8775d16dab700.jpg,3,Low
scene00255_png.rf.ad1843b0f544fdc5e41a11718897fa96.jpg,2,Low
scene00069_png.rf.a00c70d90bfc5d971f124b8daa7799c0.jpg,2,Low
scene00605_png.rf.2912c11fc2a747d7889339558014a8b0.jpg,1,Low
scene00129_png.rf.35b579d770c213f71393fa83d07ac961.jpg,6,Low
scene00193_png.rf.d5bb1336ea6c1e82eb16d5f17ec21cba.jpg,4,Low
scene01001_png.rf.1e2daf65efcadc9037ac88cbfca76cf9.jpg,2,Low
scene00655_png.rf.21df28e1c6a70f7ec4f48d897f51a0c3.jpg,0,Low
scene00387_png.rf.4f23042da248b834ec0b100f7f3bc50d.jpg,1,Low
scene00143_png.rf.a26b147f8075182be737e4ee824d4aae.jpg,7,Low
scene00781_png.rf.43a5a25a627464e557eba832acec7541.jpg,6,Low
scene00507_png.rf.7421c030cfb561745e44f3f408d9eff4.jpg,1,Low
scene01431_png.rf.1b94bb96cdaff9b4530e8cfa3bdcdc85.jpg,1,Low
scene00505_png.rf.a975e3c69311ea96ae204354b727f1d5.jpg,1,Low
scene00471_png.rf.11b8308e71495cbb3d8a6232b4c8d71f.jpg,1,Low
scene00531_png.rf.5b189bbce632ebcc2bdcbee74a077bd1.jpg,1,Low
scene00265_png.rf.2381b341b160d64f7bab34a5c08f8778.jpg,2,Low
scene00597_png.rf.f97f2b0db3902d9296a71c27b1c39ef4.jpg,0,Low
scene00423_png.rf.7c8c1f4d7ee06a68f7c7c7e091271acb.jpg,1,Low
scene00241_png.rf.37475b004c579cfe665a1dc6da69ca6b.jpg,3,Low
scene00075_png.rf.5678b5a96aff26bff0306e7260a384ce.jpg,4,Low
scene00195_png.rf.175a504b23640cfb7d5bb18a8600ec08.jpg,5,Low
scene00105_png.rf.f2c70d89181ed3685951b1a0407ef1c1.jpg,7,Low
scene01541_png.rf.804101064f5714b33f01237ff5d0097b.jpg,2,Low
scene00363_png.rf.e199dc04e57fa5cea7ce249401623f1f.jpg,0,Low
scene00581_png.rf.b9535fcf7df61b7a527c9fe4f82523bf.jpg,0,Low
scene00251_png.rf.775da1e3e5e896b0237f322e5cffc570.jpg,3,Low
scene00393_png.rf.67e911f04812ab44fb57936853f2ac41.jpg,1,Low
scene01371_png.rf.29fa29b69c090fb18f823f5d1b050985.jpg,1,Low
scene01401_png.rf.da600da5af3e4438a539080e7cfe526a.jpg,1,Low
scene01751_png.rf.11f4c05a9a81ae76b39637ba2760c155.jpg,1,Low
scene00077_png.rf.45aee3c2c03b2a2301f6ac1fca718d3d.jpg,3,Low
scene00289_png.rf.6c115d6def1e011ef66e819072db2397.jpg,5,Low
scene00631_png.rf.d3863d3179264fd6e8bf0bdda3c04512.jpg,0,Low
scene00609_png.rf.5b86126b1f860c6a5bfb4035a8f1d111.jpg,1,Low
scene00405_png.rf.8377063d99075e391130dbb872a84c1e.jpg,0,Low
scene00623_png.rf.8c5449872163b080a8caf2f19a08af97.jpg,0,Low
scene00451_png.rf.95ff4b90a773dab200314ba58201d722.jpg,1,Low
scene00645_png.rf.72b827fa65158eb20caf42b067adb187.jpg,0,Low
scene00375_png.rf.a9e1d33097cf6ffa78ec9f3babf7cfad.jpg,0,Low
scene01331_png.rf.51452cedcf4da49ca7ee0d44ac22664d.jpg,1,Low
scene00325_png.rf.b77a51f180dec4dc8e02522e19ef218d.jpg,3,Low
scene00701_png.rf.0528a5c41e88c77d4fb2d2eb47c0e47f.jpg,5,Low
scene01691_png.rf.3b5c6930f25f2b0181b115343e7db9b7.jpg,2,Low
scene00821_png.rf.c63378afae0706ec9386dab78c1bb99b.jpg,4,Low
scene00151_png.rf.88851802acd10fc21cc39ac8634241cb.jpg,7,Low
scene00479_png.rf.d82596e77678299509684c321c1262dd.jpg,1,Low
scene00533_png.rf.d9d435f394ef0290bcc455f094fc18f5.jpg,1,Low
scene00013_png.rf.56deae740c759f8e1bf8e54f8eb7d76b.jpg,4,Low
scene00153_png.rf.0ac723b0cc9314eaf9035d563e80f15a.jpg,8,Low
scene00557_png.rf.54c1bf7564f054b31d57a27217180e1f.jpg,1,Low
scene00071_png.rf.142cd13079fb72c50e62e183cea79291.jpg,2,Low
scene01721_png.rf.a53623efe76d04f049c8dec54733352b.jpg,2,Low
scene00851_png.rf.60c551b304420e5953cc818572b20a05.jpg,3,Low
scene01621_png.rf.37d10224cfbcc2fc7dfcf4b914ba9521.jpg,2,Low
scene00519_png.rf.b14d97823df2c53224e441e49a48fcd9.jpg,1,Low
scene00465_png.rf.1388e5f6cf047c411ad6cbcd96b5ec7d.jpg,1,Low
scene00539_png.rf.e0a5878666fa275574a607e67def4675.jpg,1,Low
scene00029_png.rf.d6d26a2c499bd26c69a7c9883efee65a.jpg,3,Low
scene00111_png.rf.dcf4ca4b5242ddc79bb3c55436199707.jpg,6,Low
scene00235_png.rf.2eee53ba218c7d861e83a32b3fe2e5e5.jpg,3,Low
scene00493_png.rf.54570488d6fc9ebaf6c9f601c3535bb7.jpg,1,Low
scene00279_png.rf.81f26c093e30fa073dcb63ee99f6427d.jpg,2,Low
scene00509_png.rf.6dfcb03a23a89a66124368d568d82d0b.jpg,1,Low
scene00401_png.rf.2ec2c9f55a9c4141f9bad46998853bea.jpg,1,Low
scene00513_png.rf.f20fc1d20b430b7aeb5ea1f7bf976216.jpg,2,Low
scene00035_png.rf.cc079c0c93febaaa7b2422a0d08fb9a4.jpg,4,Low
scene00331_png.rf.c5bc6515b7a1c9230b18f3f130129598.jpg,0,Low
scene00133_png.rf.d33e2e96d4fbb0cb1f3a1ee7fe533de2.jpg,8,Low
scene00711_png.rf.750632e0dee7fc47aba82d35945b2032.jpg,6,Low
scene00305_png.rf.ccf80e9bf3a69da2c2aad3549bb2b0ba.jpg,4,Low
scene00431_png.rf.33fc2c5aaf0710e185bd742497688268.jpg,1,Low
scene01181_png.rf.228147211bf820cfb6d775fa2a693543.jpg,0,Low
scene00649_png.rf.6cac87923a5132a4058c3dbd441a4fac.jpg,0,Low
scene01531_png.rf.3604bac6546d4f3d639cdecc86bdf778.jpg,2,Low
scene00483_png.rf.cf39674751f447ab348b17f5d0baaf7a.jpg,0,Low
scene00065_png.rf.c3eda7a3b66d8ce5c1e93d85e73e3982.jpg,2,Low
scene01511_png.rf.aef4a13dc200c8dafe7d664ea19a34ee.jpg,2,Low
scene00037_png.rf.110f44f515aaf8d3047be78a9d57b7c5.jpg,3,Low
scene00403_png.rf.7664817b78e00eb0e3f2e71e84820d86.jpg,1,Low
scene00123_png.rf.ec93b2699e3fc795102347e8a7c3ec0a.jpg,6,Low
scene00421_png.rf.5ad6895dbae93bbd30e35c64257148e4.jpg,1,Low
scene00619_png.rf.8e741dcd395bf13f873ccf63f91256fc.jpg,0,Low
scene00477_png.rf.d242afcbadeb5282b1c06e92de72c574.jpg,0,Low
scene00171_png.rf.ea5f72b541e7bed9bc077d63e5f51539.jpg,8,Low
scene00499_png.rf.4d6690acfc8c1750c5ac41f32a3df392.jpg,1,Low
scene00055_png.rf.fdefe48535836e95ddcfd37d2749f774.jpg,10,Low
scene00353_png.rf.72961e14e81f1e115086de02dfa07d1d.jpg,0,Low
scene00081_png.rf.267615b2236dd3d88428a36c11cb378c.jpg,3,Low
scene00211_png.rf.90fae5568a26050a4db0626cafda7dee.jpg,3,Low
scene01021_png.rf.5e323bf0317c3f68cd04f48ab73b36f2.jpg,2,Low
scene01061_png.rf.6b14b193812516931608e358ca308dcd.jpg,3,Low
scene01391_png.rf.edc0ce66f865e15275fe309c04838eed.jpg,1,Low
scene00527_png.rf.687385690b0af7ef43c1f8c6eeb5a316.jpg,2,Low
scene00033_png.rf.89821db345c0735ceb74cc6355b3427c.jpg,3,Low
scene00591_png.rf.a260658eb43e5dac2eb33e577933d00e.jpg,1,Low
scene01101_png.rf.a5ba7e11a5ea17686edd8ecd327fd95b.jpg,1,Low
scene00535_png.rf.26a656f6a6d2b6444920a68f310ae3b7.jpg,0,Low
scene00801_png.rf.435240bfee36702d824c4ec5788bf9db.jpg,4,Low
scene00625_png.rf.7d3d2f5a4d232b13617bc4ff95e50e7b.jpg,1,Low
scene00663_png.rf.5dd792ac285b3f0842380325fd7cddfe.jpg,1,Low
scene00115_png.rf.97f4cb72477d3945e2a8ba45d17f32f6.jpg,6,Low
scene00691_png.rf.a37be7c96ff496823a5ec07b87c22bbb.jpg,4,Low
scene01311_png.rf.b5e1b402aad927cf69b9156855afa6c9.jpg,1,Low
scene00161_png.rf.44246a1a17ed14d309edd326155fadda.jpg,8,Low
scene00109_png.rf.cade72ea7ff94a88fef23b3a56a952b6.jpg,7,Low
scene01341_png.rf.2e749def4f29b8504ee5548728ddee18.jpg,1,Low
scene00911_png.rf.93d7cd92cb11a1620e055972892f630a.jpg,3,Low
scene00339_png.rf.67b7f6637189f542d2e0f49a4be2c230.jpg,0,Low
scene00791_png.rf.6c80cc47ab4ee4291e0773e37a385325.jpg,7,Low
scene00453_png.rf.f2ae6cb8c5f06953ce33052d1bbd5902.jpg,2,Low
scene00079_png.rf.c226e22834b2be172f5765fcd4f753a9.jpg,3,Low
scene01701_png.rf.152991a9174bc46112f4040e544c5aad.jpg,2,Low
scene00651_png.rf.06c1ae5fed6ec6309b551b43c954b69b.jpg,0,Low
scene00225_png.rf.c7ee2692c885fa1a7e89c5d3b44c0aaf.jpg,4,Low
scene00127_png.rf.167586929aa2f77acac7402f41287954.jpg,6,Low
scene01011_png.rf.2a2bb7874577190ef076ca4df1f8d736.jpg,1,Low
scene00359_png.rf.a1516b8c5892cf4373e497caf9ab5ad3.jpg,0,Low
scene00525_png.rf.580949acdd244d8c9331a3288a394bea.jpg,1,Low
scene00463_png.rf.62147f4152c58c4117064bea8dc95eb2.jpg,1,Low
scene00459_png.rf.dc5efdb4ff626286d68a760f034f34b9.jpg,2,Low
IMG20250418191320_jpg.rf.a8d4acd25bee1d5260526b5901a03dab.jpg,3,Low
scene00343_png.rf.25245c2da60d568e1cd28c9097beb3dd.jpg,1,Low
scene00291_png.rf.68fd6c510cf07b1d0712e95a9d96ab68.jpg,5,Low
scene00191_png.rf.2f9b9d050ab072edaee2d76b0a690a3d.jpg,4,Low
scene00383_png.rf.347abeb1876ab7d79939515b4ae27598.jpg,1,Low
scene00427_png.rf.7d080a44296ce44fdbeeb68c2ecb7186.jpg,1,Low
scene01261_png.rf.b380079c20bc948365ab6d26a1d12b39.jpg,1,Low
scene00665_png.rf.ebff941014f86fae68d3358010faad19.jpg,2,Low
scene01501_png.rf.c111e5b90ad4263364ed82c89b1d52cd.jpg,2,Low
scene00199_png.rf.5781030356d17f3115f58b506c9277a6.jpg,4,Low
scene00101_png.rf.af71819a6bb59110d384d768a55c1344.jpg,7,Low
scene00381_png.rf.d313c69e6c46b70fcadc6d92703571f4.jpg,2,Low
scene00285_png.rf.a0610de12fbc157a6587b7cf4cc2b21b.jpg,3,Low
scene00537_png.rf.dbdcd301637c178ce8c4c8b30e0e48d8.jpg,0,Low
scene00295_png.rf.b22e3439ae9d13d8b882c56b9d1f395e.jpg,4,Low
scene00213_png.rf.5f5f1a14ddb3eff0d086e356ce429f5e.jpg,3,Low
scene00921_png.rf.1c5491b633e10c9e97e1c2d646ba61f8.jpg,5,Low
scene00771_png.rf.33f0a5d93ef7513042303bdee5dcc2a7.jpg,5,Low
scene00617_png.rf.5b4af185a2bbc40855e4d3fa3d0224c3.jpg,0,Low
scene01351_png.rf.75b621396f7efea02d08f6d7ea2fd52f.jpg,1,Low
scene00323_png.rf.1a04a63b731b43a54b04931ba471d2e8.jpg,4,Low
scene00475_png.rf.072f609d18bc2effa5dba2aa47ab3b2b.jpg,1,Low
scene01661_png.rf.7e226eb06dfa413851b290c06aa027ba.jpg,2,Low
scene00209_png.rf.db2741929ac974c31a89ae83af113f91.jpg,6,Low
scene00491_png.rf.956ec7012339892d1f2a06952bea5bc0.jpg,0,Low
